{"initial_reset_timestamp": 1525246670.6806479, "timestamps": [1525246726.804467, 1525246727.338537, 1525246727.638643, 1525246727.8051789, 1525246728.405178, 1525246728.837897, 1525246729.088074, 1525246729.521389, 1525246731.004705, 1525246731.3887749, 1525246731.822311, 1525246732.438126, 1525246733.038303, 1525246733.3213792, 1525246733.6222699, 1525246734.4884648, 1525246734.7225611, 1525246734.888491, 1525246735.139764, 1525246735.472831, 1525246735.689177, 1525246736.5225441, 1525246736.8391669, 1525246737.10553, 1525246737.272394, 1525246737.772681, 1525246738.1892061, 1525246738.823228, 1525246739.0226822, 1525246739.272747, 1525246739.572551, 1525246740.25692, 1525246740.506699, 1525246740.889612, 1525246741.140265, 1525246741.406336, 1525246741.7897549, 1525246741.9407501, 1525246742.106784, 1525246742.357167, 1525246743.057377, 1525246743.289815, 1525246743.5075939, 1525246743.689591, 1525246744.022889, 1525246744.190092, 1525246744.457591, 1525246744.724104], "episode_lengths": [13, 14, 16, 10, 36, 26, 15, 26, 44, 21, 26, 37, 36, 17, 18, 52, 14, 10, 15, 20, 13, 50, 19, 16, 10, 30, 25, 18, 10, 15, 18, 41, 15, 23, 15, 16, 23, 9, 10, 15, 42, 14, 13, 11, 20, 10, 16, 16], "episode_rewards": [13.0, 14.0, 16.0, 10.0, 36.0, 26.0, 15.0, 26.0, 44.0, 21.0, 26.0, 37.0, 36.0, 17.0, 18.0, 52.0, 14.0, 10.0, 15.0, 20.0, 13.0, 50.0, 19.0, 16.0, 10.0, 30.0, 25.0, 18.0, 10.0, 15.0, 18.0, 41.0, 15.0, 23.0, 15.0, 16.0, 23.0, 9.0, 10.0, 15.0, 42.0, 14.0, 13.0, 11.0, 20.0, 10.0, 16.0, 16.0], "episode_types": ["t", "t", "t", "t", "t", "t", "t", "t", "t", "t", "t", "t", "t", "t", "t", "t", "t", "t", "t", "t", "t", "t", "t", "t", "t", "t", "t", "t", "t", "t", "t", "t", "t", "t", "t", "t", "t", "t", "t", "t", "t", "t", "t", "t", "t", "t", "t", "t", "t"]}